Batch_ID,Chamber_ID,Recipe_ID,Gas_Flow,RF_Power,Etch_Time,Thickness,Defect_Rate,Timestamp
B-5200,cha,RCP-ETCH-1,49.97,322.2,42.3,105.56,1.86,2026/3/1 07:00
B-5201,CH-B,RCP-ETCH-2,49.06,325.8,42.5,104.8,2.04,2026/3/1 08:07
B-5202,CH-C,RCP-ETCH-1,48.38,321.5,42.8,103.32,1.54,2026/3/1 09:14
B-5203,CH-A,RCP-ETCH-2,46.79,317.3,38.6,104.17,1.81,2026/3/1 10:21
B-5204,CH-B,RCP-ETCH-1,50.76,322.6,42.1,105.38,2.18,2026/3/1 11:28
B-5205,CH-C,RCP-ETCH-2,46.43,316.3,43,102.7,1.83,2026/3/1 12:35
B-5206,CH-A,RCP-ETCH-1,48.41,311.8,41.9,104.21,1.72,2026/3/1 13:42
B-5207,CH-B,RCP-ETCH-2,50.19,320,40.4,103.04,2.3,2026/3/1 14:49
B-5208,CH-C,RCP-ETCH-1,47.17,312.9,42.8,103.55,2.15,2026/3/1 15:56
B-5209,CH-A,RCP-ETCH-2,49.08,320.5,42.9,106.01,1.69,2026/3/1 16:03
B-5210,CH-B,RCP-ETCH-1,49.24,324.6,42.3,104.36,2.11,2026/3/1 07:10
B-5211,CH-C,RCP-ETCH-2,48.39,327.2,41,105.65,1.89,2026/3/1 08:17
B-5212,CH-A,RCP-ETCH-1,46.82,317.3,40.2,102.76,1.72,2026/3/1 09:24
B-5213,CH-B,RCP-ETCH-2,49.65,325.1,42.5,104.72,2.22,2026/3/1 10:31
B-5214,CH-C,RCP-ETCH-1,47.15,318.3,41.5,103.35,1.83,2026/3/1 11:38
B-5215,CH-A,RCP-ETCH-2,47.31,319.3,40.9,103.78,1.64,2026/3/1 12:45
B-5216,CH-B,RCP-ETCH-1,48.29,323,42.9,101.98,2.02,2026/3/1 13:52
B-5217,CH-C,RCP-ETCH-2,47.93,313.5,42.3,103.6,2,2026/3/1 14:59
B-5218,CH-A,RCP-ETCH-1,48.18,326.6,40.9,106.03,1.84,2026/3/2 15:06
B-5219,CH-B,RCP-ETCH-2,48.63,326.8,41.7,105.31,1.97,2026/3/2 16:13
B-5220,CH-C,RCP-ETCH-1,48.14,305.4,42.4,103.33,1.69,2026/3/2 07:20
B-5221,CH-A,RCP-ETCH-2,48.17,325.6,41.7,,1.8,2026/3/2 08:27
B-5222,CH-B,RCP-ETCH-1,50.22,322.1,42.4,104.59,1.78,2026/3/2 09:34
B-5223,CH-C,RCP-ETCH-2,46.39,317.7,40.2,102.69,1.73,2026/3/2 10:41
B-5224,CH-A,RCP-ETCH-1,48.95,326.1,41.2,103.26,1.82,2026/3/2 11:48
B-5225,CH-B,RCP-ETCH-2,48.71,321.4,42,103.54,2.21,2026/3/2 12:55
B-5226,CH-C,RCP-ETCH-1,47.84,320.7,42.2,103.62,1.95,2026/3/2 13:02
B-5227,CH-A,RCP-ETCH-2,47.27,319.1,40.9,102.62,1.62,2026/3/2 14:09
B-5228,CH-B,RCP-ETCH-1,50.82,325.6,43.8,104.1,2.5,2026/3/2 15:16
B-5229,CH-C,RCP-ETCH-2,47.57,322.3,42.1,102.67,1.71,2026/3/2 16:23
B-5230,CH-A,RCP-ETCH-1,47.67,317.6,42.1,103.01,1.67,2026/3/2 07:30
B-5231,CH-B,RCP-ETCH-2,47.56,318.8,42.5,104.33,1.93,2026/3/2 08:37
B-5232,CH-C,RCP-ETCH-1,46.98,314.9,42.3,103.89,2.08,2026/3/2 09:44
B-5233,cha,RCP-ETCH-2,sensor_error,310.6,41.9,104.88,2.16,2026/3/2 10:51
B-5234,CH-B,RCP-ETCH-1,48.23,327.5,41.3,103.64,1.95,2026/3/2 11:58
B-5235,CH-C,RCP-ETCH-2,48.4,322,42.2,101.81,1.71,2026/3/2 12:05
B-5236,CH-A,RCP-ETCH-1,49.35,323.8,42.4,103.4,1.41,2026/3/3 13:12
B-5237,CH-B,RCP-ETCH-2,48.07,331.5,43,102.58,1.93,2026/3/3 14:19
B-5238,CH-C,RCP-ETCH-1,47.51,316.9,43.9,105.22,1.63,2026/3/3 15:26
B-5239,CH-A,RCP-ETCH-2,47.65,325.8,40.9,104.28,1.58,2026/3/3 16:33
B-5240,CH-B,RCP-ETCH-1,49.98,321,40.2,104.75,2.35,2026/3/3 07:40
B-5241,CH-C,RCP-ETCH-2,47.28,323.2,39.9,102.54,1.57,2026/3/3 08:47
B-5242,CH-A,RCP-ETCH-1,47.76,324.5,41.9,104.39,1.83,2026/3/3 09:54
B-5243,CH-B,RCP-ETCH-2,49,322.9,41.8,102.91,2.51,2026/3/3 10:01
B-5244,CH-C,RCP-ETCH-1,47.33,324.2,42.3,102.96,1.95,2026/3/3 11:08
B-5244,CH-C,RCP-ETCH-1,47.33,324.2,42.3,102.96,1.95,2026/3/3 11:08
B-5245,CH-A,RCP-ETCH-2,48.19,323,42,103.03,2.14,2026/3/3 12:15
B-5246,CH-B,RCP-ETCH-1,49.99,317.7,41.2,101.05,2.58,2026/3/3 13:22
B-5247,CH-C,RCP-ETCH-2,49.27,318.2,43.5,100.46,2.61,2026/3/3 14:29
B-5248,CH-A,RCP-ETCH-1,49.49,324.8,41.4,100.55,2.06,2026/3/3 15:36
B-5249,CH-B,RCP-ETCH-2,51.34,326.6,43.8,99.98,2.62,2026/3/3 16:43
B-5250,CH-C,RCP-ETCH-1,49.27,315.4,43.9,102.15,1.71,2026/3/3 07:50
B-5251,CH-A,RCP-ETCH-2,48.02,322.9,40.3,99.74,1.93,03/03/2026 08:57
B-5252,CH-B,RCP-ETCH-1,49.73,330.2,43.6,101.08,3.09,03/03/2026 09:04
B-5253,CH-C,RCP-ETCH-2,48.32,317.1,42.4,99.5,2.54,03/03/2026 10:11
B-5254,CH-A,RCP-ETCH-1,48.74,332.1,43.1,97.4,2.21,03/04/2026 11:18
B-5255,CH-B,RCP-ETCH-2,49.49,330.5,42.8,102.02,3.03,03/04/2026 12:25
B-5256,CH-C,RCP-ETCH-1,47.92,330.1,42.8,99.72,2.64,03/04/2026 13:32
B-5257,CH-A,RCP-ETCH-2,48.11,326.8,43.2,99.12,2.71,03/04/2026 14:39
B-5258,CH-B,RCP-ETCH-1,50.37,327.1,43.2,98.97,2.95,03/04/2026 15:46
B-5259,CH-C,RCP-ETCH-2,47.53,322.5,44.1,98.06,2.51,03/04/2026 16:53
B-5260,CH-A,RCP-ETCH-1,48.13,338.1,42.8,96.8,10.5,03/04/2026 07:00
B-5261,CH-B,RCP-ETCH-2,50.21,334.8,42.8,98.2,3.29,03/04/2026 08:07
B-5262,CH-C,RCP-ETCH-1,48.9,334.3,43.7,96.98,2.48,03/04/2026 09:14
B-5263,CH-A,RCP-ETCH-2,49.39,335.9,42.4,97.48,2.91,03/04/2026 10:21
B-5264,CH-B,RCP-ETCH-1,50.81,327.1,41.2,96.86,3.27,03/04/2026 11:28
B-5265,CH-C,RCP-ETCH-2,46.68,326.8,44.3,98.48,2.98,03/04/2026 12:35
B-5266,cha,RCP-ETCH-1,49.34,330.7,44.5,95,2.97,03/04/2026 13:42
B-5267,CH-B,RCP-ETCH-2,51.28,333.6,45.6,98.29,3.25,03/04/2026 14:49
B-5268,CH-C,RCP-ETCH-1,48.59,326.1,43.1,94.05,3.16,03/04/2026 15:56
B-5269,CH-A,RCP-ETCH-2,49.73,336.4,41.8,92.89,3.27,03/04/2026 16:03
B-5270,CH-B,RCP-ETCH-1,49.93,330.4,44.3,96.71,3.52,03/04/2026 07:10
B-5271,CH-C,RCP-ETCH-2,49.41,332.5,43.9,96.4,3.32,03/04/2026 08:17
